"filename", "language", "TypeScript JSX", "PostCSS", "XML", "comment", "blank", "total"
"c:\Users\thiago.silva\Desktop\WienerVist-main\WienerVist-main\src\App.css", "PostCSS", 0, 0, 0, 0, 1, 1
"c:\Users\thiago.silva\Desktop\WienerVist-main\WienerVist-main\src\App.tsx", "TypeScript JSX", 14, 0, 0, 0, 9, 23
"c:\Users\thiago.silva\Desktop\WienerVist-main\WienerVist-main\src\AuthContext\auth.tsx", "TypeScript JSX", 0, 0, 0, 0, 1, 1
"c:\Users\thiago.silva\Desktop\WienerVist-main\WienerVist-main\src\assets\react.svg", "XML", 0, 0, 1, 0, 0, 1
"c:\Users\thiago.silva\Desktop\WienerVist-main\WienerVist-main\src\assets\vite.svg", "XML", 0, 0, 1, 0, 1, 2
"c:\Users\thiago.silva\Desktop\WienerVist-main\WienerVist-main\src\components\Cards\Index.tsx", "TypeScript JSX", 17, 0, 0, 0, 7, 24
"c:\Users\thiago.silva\Desktop\WienerVist-main\WienerVist-main\src\components\Cards\index.css", "PostCSS", 0, 1, 0, 0, 0, 1
"c:\Users\thiago.silva\Desktop\WienerVist-main\WienerVist-main\src\components\LastVistorias\index.css", "PostCSS", 0, 1, 0, 0, 0, 1
"c:\Users\thiago.silva\Desktop\WienerVist-main\WienerVist-main\src\components\LastVistorias\index.tsx", "TypeScript JSX", 22, 0, 0, 0, 7, 29
"c:\Users\thiago.silva\Desktop\WienerVist-main\WienerVist-main\src\components\UI\Checklist\index.css", "PostCSS", 0, 0, 0, 0, 1, 1
"c:\Users\thiago.silva\Desktop\WienerVist-main\WienerVist-main\src\components\UI\Checklist\index.tsx", "TypeScript JSX", 92, 0, 0, 0, 20, 112
"c:\Users\thiago.silva\Desktop\WienerVist-main\WienerVist-main\src\components\UI\Identificacao\index.css", "PostCSS", 0, 0, 0, 0, 1, 1
"c:\Users\thiago.silva\Desktop\WienerVist-main\WienerVist-main\src\components\UI\Identificacao\index.tsx", "TypeScript JSX", 57, 0, 0, 4, 10, 71
"c:\Users\thiago.silva\Desktop\WienerVist-main\WienerVist-main\src\components\UI\InfoVistorias\index.css", "PostCSS", 0, 1, 0, 0, 0, 1
"c:\Users\thiago.silva\Desktop\WienerVist-main\WienerVist-main\src\components\UI\InfoVistorias\index.tsx", "TypeScript JSX", 21, 0, 0, 0, 10, 31
"c:\Users\thiago.silva\Desktop\WienerVist-main\WienerVist-main\src\components\header\index.css", "PostCSS", 0, 0, 0, 0, 1, 1
"c:\Users\thiago.silva\Desktop\WienerVist-main\WienerVist-main\src\components\header\index.tsx", "TypeScript JSX", 36, 0, 0, 0, 6, 42
"c:\Users\thiago.silva\Desktop\WienerVist-main\WienerVist-main\src\index.css", "PostCSS", 0, 15, 0, 1, 9, 25
"c:\Users\thiago.silva\Desktop\WienerVist-main\WienerVist-main\src\main.tsx", "TypeScript JSX", 9, 0, 0, 0, 2, 11
"c:\Users\thiago.silva\Desktop\WienerVist-main\WienerVist-main\src\pages\Login\index.css", "PostCSS", 0, 1, 0, 0, 2, 3
"c:\Users\thiago.silva\Desktop\WienerVist-main\WienerVist-main\src\pages\Login\index.tsx", "TypeScript JSX", 107, 0, 0, 6, 20, 133
"c:\Users\thiago.silva\Desktop\WienerVist-main\WienerVist-main\src\pages\NovaVistoria\index.css", "PostCSS", 0, 0, 0, 0, 1, 1
"c:\Users\thiago.silva\Desktop\WienerVist-main\WienerVist-main\src\pages\NovaVistoria\index.tsx", "TypeScript JSX", 27, 0, 0, 8, 8, 43
"c:\Users\thiago.silva\Desktop\WienerVist-main\WienerVist-main\src\pages\home\index.css", "PostCSS", 0, 0, 0, 0, 1, 1
"c:\Users\thiago.silva\Desktop\WienerVist-main\WienerVist-main\src\pages\home\index.tsx", "TypeScript JSX", 36, 0, 0, 0, 11, 47
"Total", "-", 438, 19, 2, 19, 129, 607